date,name,balance,category
2025-08-06,SOZO SUSHI,48.73,Dining
2025-08-05,LES TROPIQUES,13.46,Dining
2025-08-04,LS Ambrose House and C,5.75,Dining
2025-08-03,WALMART.CA,125.55,Groceries
2025-08-03,GYMSHARK,132.67,Shopping
2025-08-02,UBER CANADA/UBEREATS,36.15,Dining
2025-08-01,SECURITY NATIONAL INSU,487.23,Insurance
2025-08-01,SAQ23345 GALERIES DU PAR,18.35,Groceries
2025-08-01,MARCHE EDEN,16.77,Groceries
2025-07-31,CALISTHENICS GYM MTL,25.29,Subscriptions
2025-07-30,UBER CANADA/UBERTRIP,31.68,Transport
2025-07-30,Amazon.ca*UZ8D61PI3,28.72,Groceries
2025-07-30,PHARMAPRIX #0029,39.06,Health
2025-07-30,CHAUSSURE RAPHAEL,160,Shopping
2025-07-30,UBER CANADA/UBERTRIP,32.41,Transport
2025-07-30,STM PEEL DIO101/123431,34.25,Transport
2025-07-29,WWW.ENSOYOGA.COM,6.9,Subscriptions
2025-07-29,AMZN Mktp CA*117MI3EO3,57.42,Shopping
2025-07-29,WWW.ENSOYOGA.COM,3.45,Subscriptions
2025-07-29,CAFE PARVIS,32.59,Dining
2025-07-29,MELK STANLEY,22.59,Dining
2025-07-28,SP CAFE DRIVE BY,12.65,Dining
2025-07-28,UN INSTANT EN PROVENCE,23.35,Dining
2025-07-28,Ginos Negroni Et Lasa,48.69,Dining
2025-07-28,STM PEEL DIO101/157183,7,Transport
2025-07-28,LE GARDEN ROOM,102.39,Dining
2025-07-27,VACHE GLACEE,12.08,Dining
2025-07-27,LS EVA St Henri,54.44,Dining
2025-07-27,CAFE LE NIGIRIZ,5.18,Dining
2025-07-27,CAFE LE NIGIRIZ,15.53,Dining
2025-07-27,SP DE STIIL,23.1,Shopping
2025-07-26,EPLV - BILLETTERIE JAR,23.25,Entertainment
2025-07-26,CAFE LE NIGIRIZ,18.4,Dining
2025-07-26,ICHIGO ICHIE,115.68,Dining
2025-07-26,STM PEEL DIO101/327922,7,Transport
2025-07-25,WWW.ENSOYOGA.COM,21.27,Subscriptions
2025-07-25,SQ *STUDIO JENJEN,187.46,Beauty
2025-07-25,CAFE LE NIGIRIZ,10.35,Dining
2025-07-24,PHARMAPRIX #0029,18.14,Health
2025-07-24,ARITZIA ST CATHERINE 1,43.69,Shopping
2025-07-24,STM LIONEL GROUL DIN10,3.75,Transport
2025-07-24,Savsav,22.71,Dining
2025-07-24,STM PEEL DIO101/261830,7,Transport
2025-07-24,STM LIONEL GROUL DAN101,34.25,Transport
2025-07-24,EPLV - BILLETERIE WEB,23.25,Entertainment
2025-07-23,CAFE LE NIGIRIZ,18.98,Dining
2025-07-23,ICONO GLACE,23.22,Dining
2025-07-23,POLE AND AERIAL SCHOOL,125.32,Subscriptions
2025-07-23,POLE AND AERIAL SCHOOL,25.29,Subscriptions
2025-07-22,LS Sandwicherie Sue -,22.13,Dining
2025-07-21,STM MONT ROYAL N102,3.75,Transport
2025-07-21,WALMART.CA,163.19,Groceries
2025-07-21,LS Marusan Canada Inc,13.8,Dining
2025-07-21,LS Marusan Canada Inc,33.34,Dining
2025-07-21,MST,15.95,Others
2025-07-21,MAISON SAUVAGE CAFE,20.13,Dining
2025-07-21,LIBRAIRIE DRAWN & QUAR,48.29,Shopping
2025-07-21,STM LOGE ST LAURENT N101,7,Transport
2025-07-21,LA BANQUISE,34.72,Dining
2025-07-20,CAFE REDWOOD,38.56,Dining
2025-07-20,WALMART.CA,101.4,Groceries
2025-07-20,STM LIONEL GROUL DIN10,3.75,Transport
2025-07-20,STM LOGE PEEL O101,7.5,Transport
2025-07-20,STM MCGILL DAO101,34.25,Transport
2025-07-19,MCGILL ATHLETICS RECR,74.72,Subscriptions
2025-07-19,SQ *CYBER VINTAGE,34.49,Shopping
2025-07-18,PHARMAPRIX #1937,34.48,Health
2025-07-18,PHARMAPRIX #1937,25.84,Health
2025-07-18,Dynamite,23,Shopping
2025-07-18,HM CA0012,17.41,Shopping
2025-07-18,LS Ambrose House and C,5.75,Dining
2025-07-17,STM SAINT LAUREN DIN10,3.75,Transport
2025-07-17,AMZN Mktp CA*0Q6DK4VV3,125.35,Shopping
2025-07-17,MARCELLA,115.69,Dining
2025-07-15,UBER CANADA/UBERTRIP,35.43,Transport
2025-07-15,AMZN Mktp CA*AK2W807K3,39.08,Shopping
2025-07-15,WALMART.CA,2.85,Groceries
2025-07-15,CAFE LE NIGIRIZ,5.75,Dining
2025-07-14,AIR CAN* 0144291447449,36.75,Dining
2025-07-13,CPA - PAY MACHINE,2,Transport
2025-07-13,SQ *BONO COFFEE STEPHEN A,5.88,Dining
2025-07-13,SQ *HIDDEN CORNER,10.5,Dining
2025-07-13,CALGARY TRANSIT,3.8,Transport
2025-07-11,BIG FOUR ROADHOUSE,14,Dining
2025-07-11,CALGARY TRANSIT,3.8,Transport
2025-07-10,CALGARY TRANSIT,3.8,Transport
2025-07-10,BIG FOUR ROADHOUSE,11.5,Dining
2025-07-10,TST-Neighbour Coffee,8.14,Dining
2025-07-09,CALGARY TRANSIT,3.8,Transport
2025-07-09,SQ *NORTH AMERICAN MIDWAY,15,Dining
2025-07-09,CALGARY TRANSIT,2.55,Transport
2025-07-08,LIQUOR DROPS,21.36,Dining
2025-07-08,TST-Neighbour Coffee,8.14,Dining
2025-07-08,CALGARY TRANSIT,3.8,Transport
2025-07-08,CALGARY TRANSIT,2.55,Transport
2025-07-07,WESTSIDE RECREATION CENTR,18,Subscriptions
2025-07-07,17TH AVE THRIFT,8.4,Shopping
2025-07-07,REAL CDN SUPERSTORE #1,36.17,Groceries
2025-07-06,CPA - PAY MACHINE,3,Transport
2025-07-06,SQ *NIKNAT CONCESSIONS,12,Dining
2025-07-05,CALGARY TRANSIT,3.8,Transport
2025-07-05,AMZN Mktp CA*N388B6630,69.29,Shopping
2025-07-05,CALGARY TRANSIT,2.55,Transport
2025-07-04,CAFFE LEVANT,7.88,Dining
2025-07-04,VALUE VILLAGE #2185,41.11,Shopping
2025-07-04,WESTSIDE RECREATION CENTR,18,Subscriptions
2025-07-03,KIN SUSHI,15.74,Dining
2025-07-03,PARK INDIGO - CAL RESE,14.29,Transport
2025-07-03,IKEA CALGARY,31.49,Shopping
2025-07-03,CHUCK-N-SHOULDER,18.9,Dining
2025-07-03,MARGARITA'S DISHES,19.25,Dining
2025-07-02,GWLTDT INC.,18,Shopping
2025-07-02,PORCH KITCHEN & COCKTAILS,43.36,Dining
2025-07-02,HELLO VINTAGE INGLEWOO,23.09,Shopping
2025-07-02,CPA - PAY MACHINE,7,Transport
2025-07-01,BURRITO MEXICAN FOOD,33.6,Dining
2025-07-01,CALGARY TRANSIT,3.8,Transport
2025-07-01,SQ *TIKKA N TEQUILA - 175,17,Dining
2025-07-01,CALGARY TRANSIT,2.55,Transport
2025-07-01,SQ *CONFETTI CONCESSIONS,8,Dining
2025-06-30,MCDONALD'S #291 _M,24.68,Dining
2025-06-30,UBER* PENDING _V,12.65,Transport
2025-06-30,E-TRANSFER ***F87,100,Others
2025-06-30,E-TRANSFER ***rjD,100,Others
2025-06-30,FESTIVAL ALOHA _M,5,Dining
2025-06-30,SQ *DEVILLE COFFEE DISTRI,6.25,Dining
2025-06-30,STM LOGE PEEL O _M,3.75,Transport
2025-06-30,IGA #8222 _M,13.32,Groceries
2025-06-30,UBER CANADA/UBE _V,9.95,Transport
2025-06-30,E-TRANSFER ***sH3,35,Others
2025-06-30,Subway 24494 _M,13.44,Dining
2025-06-30,SQ *FOLK TALE,85.79,Beauty
2025-06-30,REAL CDN SUPERSTORE #1,17.48,Groceries
2025-06-30,WESTSIDE RECREATION CENTR,18,Subscriptions
2025-06-30,CPA - PAY MACHINE,2,Transport
2025-06-30,PARK INDIGO - CAL RESE,16.41,Transport
2025-06-30,MOBIL@ - 1777,60,Transport
2025-06-28,SQ *MONOGRAM ALTADORE,14.7,Dining
2025-06-28,CALG CO-OP GROCERY #6,12.02,Groceries
2025-06-27,JW103 TFR-FR 6587165,60,Others
2025-06-27,SEND E-TFR ***MgZ,70,Others
2025-06-27,BIXI Montreal _V,11.73,Transport
2025-06-27,BIXI Montreal _V,1.72,Transport
2025-06-27,ARITZIA MARKET MALL 10,137.55,Shopping
2025-06-27,Amazon.ca*NQ0TW3EB0,10.5,Shopping
2025-06-27,BLUSH LANE - ASPEN,24.14,Groceries
2025-06-27,Lovisa,21,Shopping
2025-06-27,SEPHORA MARKET MALL,39.9,Shopping
2025-06-27,SUNTERRA MARKET,16.99,Groceries
2025-06-27,WESTSIDE RECREATION CENTR,18,Subscriptions
2025-06-26,COINAMATIC _V,25,Bills
2025-06-26,IW525 TFR-FR 6587165,50,Others
2025-06-26,BIXI Montreal _V,1.72,Transport
2025-06-26,BIXI Montreal _V,100,Transport
2025-06-26,BloomBites COMM _V,42.55,Dining
2025-06-26,SEND E-TFR ***KWv,157,Others
2025-06-26,HC095 TFR-TO 6587165,29,Others
2025-06-26,LULULEMONCOM* _V,55.19,Shopping
2025-06-26,SEND E-TFR ***Tdw,17,Others
2025-06-26,SEND E-TFR ***v6q,200,Others
2025-06-26,HB253 TFR-TO 6587165,70,Others
2025-06-26,E-TRANSFER ***tpW,700,Others
2025-06-26,HC093 TFR-TO 6587165,11,Others
2025-06-26,REAL CDN SUPERSTORE #1,158.14,Groceries
2025-06-26,MYCREDSMESCERTIF,6.3,Others
2025-06-25,BIXI Montreal _V,0.01,Transport
2025-06-25,BATH BODY WOR _M,4.87,Shopping
2025-06-25,*RFBT-MONTREAL _M,8.67,Others
2025-06-24,Square One Coffee,4.73,Dining
2025-06-24,CHOCOLATS FAVOR _M,8.03,Dining
2025-06-23,APPLE.COM/BILL _V,14.94,Subscriptions
2025-06-23,SQ *BOXCAR COFFEE SHOP,4.04,Dining
2025-06-23,GOOGLE *Go 2.33_V,3.31,Subscriptions
2025-06-23,STM LOGE PEEL O _M,3.75,Transport
2025-06-23,DOLLARAMA # 314 _M,27.02,Shopping
2025-06-20,E-TRANSFER ***wk8,200,Others
2025-06-20,bathandbodywork _V,206.53,Shopping
2025-06-20,49 MILE MARKET ST2031,14.77,Dining
2025-06-17,UBER* TRIP _V,16.41,Transport
2025-06-17,PAYPAL*CAMARA A _V,74.67,Others
2025-06-17,STM LOGE PEEL O _M,7,Transport
2025-06-17,UBER* TR REV 06/16_V,15.89,Transport
2025-06-16,COINAMATIC _V,10,Bills
2025-06-16,LW052 TFR-FR 6587165,43,Transport
2025-06-16,STM LOGE PEEL O _M,3.75,Transport
2025-06-16,UBER* PENDING _V,15.89,Transport
2025-06-16,SEND E-TFR ***U5y,15,Others
2025-06-13,QING HUA DUMPLI _F,18.96,Dining
2025-06-13,DOLLARAMA # 410 _F,6,Shopping
2025-06-13,PHARMAPRIX 42 _M,19.32,Health
2025-06-13,STM LOGE PEEL O _M,7,Transport
2025-06-13,SEND E-TFR ***SBz,1974.21,Others
2025-06-13,E-TRANSFER ***Ttx,1974.21,Others
2025-06-13,JJ440 TFR-TO 6587165,1000,Others
2025-06-13,STM LOGE CREMAZ _M,3.75,Transport
2025-06-13,E-TRANSFER ***MnR,1907.21,Others
2025-06-13,SEND E-TFR ***ugx,1000.79,Others
2025-06-12,SEND E-TFR ***5KZ,10,Others
2025-06-12,STM LOGE PEEL O _M,7,Transport
2025-06-12,UBER* EATS _V,174.13,Groceries
2025-06-12,UBER* EA REV 06/10_V,174.42,Groceries
2025-06-12,KEG PLACE VILLE _M,32.19,Dining
2025-06-11,SEND E-TFR ***buh,33,Others
2025-06-11,HU424 TFR-FR 6587165,50,Others
2025-06-11,DD _V,23.64,Groceries
2025-06-11,UBER CANADA/UBE _V,2.7,Transport
2025-06-10,E-TRANSFER ***dyn,192,Others
2025-06-10,UBER* EATS PEND _V,174.42,Groceries
2025-06-10,UBER CANADA/UBE _V,198.69,Transport
2025-06-09,STM LOGE NAMUR _M,3.75,Transport
2025-06-09,E-TRANSFER ***2QB,17,Others
2025-06-09,DD/DOORDASHPCEX _V,23.64,Shopping
2025-06-09,STM LM MONTMORE _M,4.75,Transport
2025-06-09,TICKETS.CA- BIL _V,32.19,Entertainment
2025-06-09,LA FABRIQUE DU _M,37.06,Dining
2025-06-09,UNHCR MSP,15,Others
2025-06-06,SEND E-TFR ***HJz,17.68,Others
2025-06-05,KAEDO SUSHI _M,51.98,Dining
2025-06-05,IO590 TFR-TO 6587165,72,Others
2025-06-05,WWW.AIRECO* AIR _V,5.75,Entertainment
2025-06-04,LS Marusan Cana _M,4.54,Dining
2025-06-04,WENDYS 6761 _M,10.57,Dining
2025-06-03,PROVI-SOIR 5100 _M,6.99,Groceries
2025-06-03,E-TRANSFER ***CEF,600,Others
2025-06-03,NAYAX CANADA IN _M,3,Others
2025-06-02,PROVIGO GUILLAU _M,12.65,Groceries
2025-06-02,Guess? Canada C _V,115.55,Shopping
2025-06-02,E-TRANSFER ***KgZ,115,Others
2025-06-02,TIM HORTONS #25 _M,5.74,Dining
2025-06-02,VIDEOTRON LTEE _V,57.49,Bills
2025-05-30,DOLLARAMA #1049 _M,23.09,Shopping
2025-05-30,*RFBT-MONTREAL _M,8.67,Dining
2025-05-29,MCDONALD'S #400 _M,12.74,Dining
2025-05-29,SEND E-TFR ***jPu,56,Others
2025-05-29,E-TRANSFER ***s7B,35.75,Others
2025-05-27,RESTAURANT WILL _M,48.69,Dining
2025-05-27,BEN AND JERRYS _F,11.15,Dining
2025-05-27,STM LOGE BERRI _F,3.75,Transport
2025-05-26,BOUSTAN MCGILL _M,5.74,Dining
2025-05-26,UBER CANADA _V,19.49,Transport
2025-05-26,UBER CANADA/UBE _V,13.04,Transport
2025-05-22,MELK SUN LIFE _M,4.6,Dining
2025-05-22,APPLE.COM/BILL _V,14.94,Subscriptions
2025-05-22,LITTLE BURGUNDY _V,137.97,Shopping
2025-05-22,E-TRANSFER ***vGY,240,Others
2025-05-21,GOOGLE *Go 2.33_V,3.37,Subscriptions
2025-05-21,Subway 24494 _M,20.68,Dining
2025-05-21,HM Hennes Maur _V,25.87,Shopping
2025-05-21,Subway 24494 _M,1.6,Dining
2025-05-20,UBER CANADA/UBE _V,100.21,Transport
2025-05-20,E-TRANSFER ***z6P,240.08,Others
2025-05-20,UBER CANADA/UBE _V,84.24,Transport
2025-05-20,E-TRANSFER ***tSB,41,Others
2025-05-20,SEND E-TFR ***Bpq,110,Others
2025-05-20,UBER * PEN 1.50_V,2.02,Transport
2025-05-20,COINAMATIC _V,10,Bills
2025-05-20,SEND E-TFR ***n3d,3.33,Others
2025-05-16,LE 30 FEVRIER I _M,35.44,DIning
2025-05-16,SEND E-TFR ***mEm,7.5,Others
2025-05-16,JI174 TFR-TO 6587165,72,Others
2025-05-16,E-TRANSFER ***V7D,135,Others
2025-05-16,TICKETMASTER CA _V,271,Entertainment
2025-05-16,STM LOGE SAUVE _M,3.75,Transport
2025-05-14,BOUSTAN MCGILL _M,5.74,DIning
2025-05-14,Dynamite / Gara _V,22.94,Shopping
2025-05-14,Dynamite / Gara _V,5.74,Shopping
2025-05-13,LEVI'S #423 _M,86,Shopping
2025-05-13,BOUSTAN MCGILL _M,5.74,Dining
2025-05-13,Dynamite / Gara _V,45.99,Shopping
2025-05-13,LEVI CANADA _V,70.82,Shopping
2025-05-13,*RFBT-MONTREAL _M,8.32,Others
2025-05-09,Dynamite / Gara _V,103.42,Shopping
2025-05-09,Dynamite / Gara _V,28.68,Shopping
2025-05-09,FAMOUS PLAYER # _M,9.19,Entertainment
2025-05-09,FAMOUS PLAYER # _M,11.5,Entertainment
2025-05-08,HM Hennes Maur _V,25.87,Shopping
2025-05-08,HOLLISTER _V,91.92,Shopping
2025-05-08,Dynamite / Gara _V,68.93,Shopping
2025-05-08,Dynamite REV 05/07_V,201.03,Shopping
2025-05-07,Dynamite / Gara _V,201.03,Shopping
2025-05-07,STM LOGE ASSOMP _M,3.75,Transport
2025-05-07,SEND E-TFR ***bXw,63.04,Others
2025-05-07,LEVI CANADA _V,86,Shopping
2025-05-07,E-TRANSFER ***mA5,300,Others
2025-05-07,E-TRANSFER ***wkt,163.04,Others
2025-05-06,SEND E-TFR ***nwD,133.4,Others
2025-05-06,WT201 TFR-FR 6587165,22,Others
2025-05-06,MOBILE DEPOSIT,400,Others
2025-05-06,SEND E-TFR ***3ur,11,Others
2025-05-06,LEAVES HOUSE MC _M,3.34,Dining
2025-05-06,E-TRANSFER ***Ktn,8,Others
2025-05-05,WWW.AIRECO* AIR _V,5.75,Entertainment
2025-05-05,TOMMY CAFE CATH _M,4.88,Dining
2025-05-05,LU052 TFR-FR 6587165,50,Others
2025-05-05,LS Five Guys Pe _M,8.61,Dining
2025-05-05,OCCASIA _V,30,Others
2025-05-02,CHRONO-RECHARGE _V,11,Transport
2025-05-02,LS Cacao 70 Par _M,33.23,Dining
2025-05-02,BOUSTAN MCGILL _M,5.74,Dining
2025-05-02,PRODUITS DE BEA _M,12.64,Groceries
2025-05-01,EPLV - BILLETTE _M,14.25,Entertainment
2025-05-01,STM LOGE PEEL O _M,7,Transport
2025-05-01,VIDEOTRON LTEE _V,57.49,Bills
2025-05-26,Bell Canada phone bill,135.3,Bills
2025-06-15,Electricity bill,51.84,Bills
2025-07-23,Internet bill,153.44,Bills
2025-06-04,Hydro Quebec,91.12,Bills
2025-06-22,Internet bill,286.19,Bills
2025-05-08,Electricity bill,288.46,Bills
2025-07-20,Hydro Quebec,128.15,Bills
2025-06-24,Hydro Quebec,50.13,Bills
2025-07-25,Electricity bill,78.01,Bills
2025-05-28,Bell Canada phone bill,291.17,Bills
2025-07-18,Hydro Quebec,133.6,Bills
2025-07-12,Hydro Quebec,88.86,Bills
2025-06-14,Electricity bill,79.88,Bills
2025-06-26,Bell Canada phone bill,143.54,Bills
2025-07-15,Hydro Quebec,239.31,Bills
2025-07-30,Internet bill,232.05,Bills
2025-07-19,Water utility payment,261.95,Bills
2025-05-08,Internet bill,292.26,Bills
2025-06-17,Hydro Quebec,70.72,Bills
2025-06-22,Bell Canada phone bill,142.18,Bills
2025-06-11,Electricity bill,74.78,Bills
2025-05-11,Hydro Quebec,85.99,Bills
2025-05-13,Bell Canada phone bill,258.17,Bills
2025-06-06,Water utility payment,229.85,Bills
2025-07-07,Hydro Quebec,243.51,Bills
2025-06-25,Electricity bill,276.24,Bills
2025-07-05,Water utility payment,97.56,Bills
2025-07-23,Internet bill,71.72,Bills
2025-06-13,Water utility payment,65.94,Bills
2025-07-13,Hydro Quebec,275.57,Bills
2025-05-19,Water utility payment,262.43,Bills
2025-05-09,Electricity bill,166.36,Bills
2025-07-24,Hydro Quebec,194.89,Bills
2025-06-14,Internet bill,91.28,Bills
2025-05-17,Internet bill,197.39,Bills
2025-07-10,Water utility payment,89.54,Bills
2025-05-06,Internet bill,122.64,Bills
2025-05-06,Hydro Quebec,88.52,Bills
2025-07-27,Hydro Quebec,226.38,Bills
2025-05-16,Water utility payment,233.0,Bills
2025-06-15,Water utility payment,268.18,Bills
2025-05-29,Water utility payment,170.66,Bills
2025-05-07,Internet bill,113.75,Bills
2025-05-22,Water utility payment,237.07,Bills
2025-06-26,Bell Canada phone bill,114.97,Bills
2025-07-15,Water utility payment,75.14,Bills
2025-07-05,Water utility payment,218.21,Bills
2025-05-25,Internet bill,130.48,Bills
2025-05-10,Bell Canada phone bill,231.31,Bills
2025-06-10,Water utility payment,282.66,Bills
2025-07-22,Internet bill,211.59,Bills
2025-06-04,Hydro Quebec,273.73,Bills
2025-06-10,Water utility payment,217.98,Bills
2025-07-16,Internet bill,214.04,Bills
2025-06-29,Water utility payment,105.65,Bills
2025-06-19,Internet bill,172.18,Bills
2025-06-28,Internet bill,162.82,Bills
2025-07-04,Water utility payment,203.72,Bills
2025-06-14,Internet bill,245.69,Bills
2025-06-05,Hydro Quebec,135.43,Bills
2025-05-11,Bell Canada phone bill,132.68,Bills
2025-05-26,Internet bill,253.36,Bills
2025-05-25,Hydro Quebec,92.56,Bills
2025-07-10,Water utility payment,206.33,Bills
2025-06-09,Hydro Quebec,203.65,Bills
2025-05-04,Water utility payment,104.59,Bills
2025-06-14,Electricity bill,109.01,Bills
2025-06-15,Water utility payment,214.87,Bills
2025-06-20,Bell Canada phone bill,122.1,Bills
2025-06-22,Internet bill,74.1,Bills
2025-05-14,Hydro Quebec,191.35,Bills
2025-07-12,Bell Canada phone bill,120.27,Bills
2025-06-17,Internet bill,63.52,Bills
2025-05-15,Electricity bill,77.12,Bills
2025-07-24,Electricity bill,287.55,Bills
2025-07-15,Electricity bill,64.86,Bills
2025-05-23,Internet bill,97.14,Bills
2025-05-04,Internet bill,153.2,Bills
2025-06-11,Bell Canada phone bill,212.83,Bills
2025-07-10,Hydro Quebec,281.61,Bills
2025-07-24,Hydro Quebec,76.15,Bills
2025-07-12,Electricity bill,78.92,Bills
2025-07-04,Water utility payment,99.06,Bills
2025-06-29,Internet bill,154.89,Bills
2025-06-12,Hydro Quebec,66.17,Bills
2025-05-11,Hydro Quebec,58.87,Bills
2025-05-07,Water utility payment,128.53,Bills
2025-07-03,Internet bill,77.32,Bills
2025-06-21,Electricity bill,244.07,Bills
2025-06-07,Water utility payment,270.52,Bills
2025-06-03,Hydro Quebec,292.76,Bills
2025-05-05,Bell Canada phone bill,175.53,Bills
2025-05-03,Hydro Quebec,185.25,Bills
2025-05-26,Hydro Quebec,112.98,Bills
2025-05-21,Electricity bill,195.95,Bills
2025-07-22,Water utility payment,297.55,Bills
2025-07-14,Hydro Quebec,136.55,Bills
2025-06-11,Internet bill,89.42,Bills
2025-07-11,Hydro Quebec,80.28,Bills
2025-05-14,Electricity bill,251.96,Bills
2025-06-27,Movie theater ticket,105.98,Entertainment
2025-06-07,Disney+ subscription,60.36,Entertainment
2025-05-22,Video game purchase,103.19,Entertainment
2025-05-16,Concert ticket,96.55,Entertainment
2025-06-08,Movie theater ticket,115.51,Entertainment
2025-05-28,Concert ticket,93.16,Entertainment
2025-05-24,Movie theater ticket,53.45,Entertainment
2025-05-04,Disney+ subscription,113.21,Entertainment
2025-06-13,Spotify premium,17.9,Entertainment
2025-06-25,Video game purchase,41.51,Entertainment
2025-05-05,Movie theater ticket,110.81,Entertainment
2025-06-29,Movie theater ticket,82.34,Entertainment
2025-05-19,Concert ticket,51.21,Entertainment
2025-07-27,Concert ticket,21.3,Entertainment
2025-06-20,Spotify premium,52.93,Entertainment
2025-07-24,Concert ticket,89.3,Entertainment
2025-07-28,Video game purchase,87.08,Entertainment
2025-05-15,Movie theater ticket,16.03,Entertainment
2025-05-20,Concert ticket,90.48,Entertainment
2025-05-18,Video game purchase,27.94,Entertainment
2025-05-19,Video game purchase,117.64,Entertainment
2025-05-05,Disney+ subscription,97.2,Entertainment
2025-06-12,Disney+ subscription,112.92,Entertainment
2025-06-22,Movie theater ticket,115.2,Entertainment
2025-05-30,Movie theater ticket,23.49,Entertainment
2025-07-27,Video game purchase,12.22,Entertainment
2025-07-28,Movie theater ticket,36.45,Entertainment
2025-07-08,Concert ticket,12.84,Entertainment
2025-07-01,Video game purchase,48.44,Entertainment
2025-07-27,Movie theater ticket,37.21,Entertainment
2025-07-09,Movie theater ticket,32.23,Entertainment
2025-06-25,Video game purchase,37.41,Entertainment
2025-07-19,Spotify premium,38.43,Entertainment
2025-07-10,Disney+ subscription,61.06,Entertainment
2025-05-27,Concert ticket,116.94,Entertainment
2025-06-23,Video game purchase,55.14,Entertainment
2025-06-09,Spotify premium,54.97,Entertainment
2025-05-20,Spotify premium,63.02,Entertainment
2025-05-26,Spotify premium,62.01,Entertainment
2025-06-05,Disney+ subscription,62.37,Entertainment
2025-06-27,Spotify premium,34.24,Entertainment
2025-06-27,Concert ticket,73.4,Entertainment
2025-07-05,Movie theater ticket,36.56,Entertainment
2025-06-29,Video game purchase,102.57,Entertainment
2025-05-04,Concert ticket,105.53,Entertainment
2025-07-05,Disney+ subscription,104.55,Entertainment
2025-06-30,Spotify premium,29.7,Entertainment
2025-06-07,Spotify premium,15.72,Entertainment
2025-05-13,Video game purchase,99.56,Entertainment
2025-06-29,Movie theater ticket,11.36,Entertainment
2025-07-02,Disney+ subscription,42.25,Entertainment
2025-06-21,Video game purchase,105.5,Entertainment
2025-06-26,Video game purchase,14.93,Entertainment
2025-07-05,Spotify premium,28.25,Entertainment
2025-05-10,Movie theater ticket,35.82,Entertainment
2025-06-20,Disney+ subscription,12.62,Entertainment
2025-07-03,Disney+ subscription,95.98,Entertainment
2025-05-18,Concert ticket,21.54,Entertainment
2025-06-15,Movie theater ticket,12.79,Entertainment
2025-07-31,Spotify premium,96.92,Entertainment
2025-05-16,Disney+ subscription,58.95,Entertainment
2025-05-08,Video game purchase,103.15,Entertainment
2025-06-11,Video game purchase,40.68,Entertainment
2025-06-09,Spotify premium,33.17,Entertainment
2025-07-31,Video game purchase,97.0,Entertainment
2025-05-01,Movie theater ticket,115.53,Entertainment
2025-06-09,Concert ticket,17.2,Entertainment
2025-07-24,Video game purchase,81.1,Entertainment
2025-06-05,Disney+ subscription,98.9,Entertainment
2025-06-13,Disney+ subscription,52.69,Entertainment
2025-07-26,Concert ticket,13.89,Entertainment
2025-05-26,Disney+ subscription,98.1,Entertainment
2025-06-04,Disney+ subscription,67.42,Entertainment
2025-06-12,Spotify premium,35.4,Entertainment
2025-06-27,Video game purchase,54.24,Entertainment
2025-07-22,Video game purchase,89.05,Entertainment
2025-06-17,Disney+ subscription,13.13,Entertainment
2025-05-24,Movie theater ticket,11.67,Entertainment
2025-05-10,Concert ticket,61.6,Entertainment
2025-05-14,Concert ticket,36.48,Entertainment
2025-05-08,Video game purchase,39.58,Entertainment
2025-07-03,Movie theater ticket,21.02,Entertainment
2025-05-10,Spotify premium,92.07,Entertainment
2025-06-12,Spotify premium,109.38,Entertainment
2025-06-16,Video game purchase,85.02,Entertainment
2025-07-09,Disney+ subscription,83.32,Entertainment
2025-06-13,Movie theater ticket,48.76,Entertainment
2025-06-03,Spotify premium,69.18,Entertainment
2025-06-11,Movie theater ticket,117.93,Entertainment
2025-07-05,Spotify premium,16.78,Entertainment
2025-07-06,Video game purchase,49.13,Entertainment
2025-06-18,Spotify premium,11.01,Entertainment
2025-05-02,Concert ticket,27.52,Entertainment
2025-05-27,Concert ticket,77.71,Entertainment
2025-05-10,Concert ticket,34.43,Entertainment
2025-05-31,Disney+ subscription,65.48,Entertainment
2025-07-17,Disney+ subscription,112.04,Entertainment
2025-05-05,Concert ticket,34.34,Entertainment
2025-05-14,Movie theater ticket,19.81,Entertainment
2025-05-08,Spotify premium,107.25,Entertainment
2025-07-06,Farmers market,57.52,Groceries
2025-06-24,Walmart groceries,153.31,Groceries
2025-05-26,Walmart groceries,32.21,Groceries
2025-05-02,Walmart groceries,108.82,Groceries
2025-05-19,Costco food,51.09,Groceries
2025-07-28,Farmers market,195.11,Groceries
2025-06-04,IGA supermarket,180.46,Groceries
2025-06-22,Walmart groceries,128.53,Groceries
2025-06-17,Metro grocery,87.61,Groceries
2025-07-23,Walmart groceries,62.53,Groceries
2025-05-08,Costco food,168.37,Groceries
2025-05-03,Metro grocery,183.47,Groceries
2025-06-15,IGA supermarket,98.03,Groceries
2025-05-01,Walmart groceries,112.89,Groceries
2025-07-02,Farmers market,158.3,Groceries
2025-05-29,Walmart groceries,147.21,Groceries
2025-06-18,Farmers market,151.14,Groceries
2025-06-07,Farmers market,185.22,Groceries
2025-06-02,IGA supermarket,99.02,Groceries
2025-06-02,IGA supermarket,147.7,Groceries
2025-07-18,Costco food,50.25,Groceries
2025-05-10,Metro grocery,69.97,Groceries
2025-06-30,Farmers market,166.39,Groceries
2025-06-06,IGA supermarket,189.39,Groceries
2025-05-31,IGA supermarket,112.2,Groceries
2025-07-13,Walmart groceries,187.62,Groceries
2025-05-12,IGA supermarket,152.12,Groceries
2025-05-17,Walmart groceries,130.57,Groceries
2025-05-01,IGA supermarket,133.34,Groceries
2025-07-21,IGA supermarket,142.2,Groceries
2025-07-03,Costco food,151.61,Groceries
2025-07-07,Metro grocery,73.0,Groceries
2025-05-12,IGA supermarket,163.97,Groceries
2025-05-17,Walmart groceries,40.99,Groceries
2025-07-30,IGA supermarket,116.5,Groceries
2025-07-08,Farmers market,97.71,Groceries
2025-06-28,Metro grocery,148.92,Groceries
2025-06-22,Farmers market,60.57,Groceries
2025-06-11,Costco food,168.71,Groceries
2025-07-21,Metro grocery,184.45,Groceries
2025-07-30,Farmers market,105.07,Groceries
2025-05-05,Walmart groceries,187.35,Groceries
2025-05-30,IGA supermarket,59.74,Groceries
2025-05-24,Walmart groceries,66.7,Groceries
2025-05-27,Walmart groceries,99.97,Groceries
2025-05-30,IGA supermarket,148.4,Groceries
2025-05-06,IGA supermarket,62.51,Groceries
2025-07-08,IGA supermarket,127.04,Groceries
2025-05-09,Costco food,72.93,Groceries
2025-07-15,Walmart groceries,123.63,Groceries
2025-06-28,Farmers market,27.47,Groceries
2025-07-28,Costco food,141.11,Groceries
2025-06-29,Farmers market,188.83,Groceries
2025-07-28,Walmart groceries,163.43,Groceries
2025-07-03,Costco food,26.86,Groceries
2025-06-06,Metro grocery,155.19,Groceries
2025-06-04,Walmart groceries,107.53,Groceries
2025-06-24,Walmart groceries,21.94,Groceries
2025-05-12,Metro grocery,153.22,Groceries
2025-06-29,Walmart groceries,61.1,Groceries
2025-07-08,Costco food,111.61,Groceries
2025-06-08,Walmart groceries,37.9,Groceries
2025-05-14,Walmart groceries,142.98,Groceries
2025-07-12,Metro grocery,188.47,Groceries
2025-07-06,Costco food,110.82,Groceries
2025-06-09,Walmart groceries,173.24,Groceries
2025-05-20,Costco food,155.47,Groceries
2025-07-28,Metro grocery,41.76,Groceries
2025-07-17,Farmers market,20.38,Groceries
2025-05-16,Walmart groceries,90.09,Groceries
2025-06-16,Metro grocery,110.8,Groceries
2025-07-27,Farmers market,122.44,Groceries
2025-07-08,Farmers market,191.85,Groceries
2025-05-15,Walmart groceries,182.12,Groceries
2025-05-08,Metro grocery,107.36,Groceries
2025-05-08,Metro grocery,44.72,Groceries
2025-07-15,IGA supermarket,173.27,Groceries
2025-06-20,Walmart groceries,176.34,Groceries
2025-05-30,Walmart groceries,97.02,Groceries
2025-07-30,Farmers market,54.31,Groceries
2025-07-13,Costco food,137.62,Groceries
2025-06-03,Metro grocery,123.74,Groceries
2025-06-18,Farmers market,49.37,Groceries
2025-07-15,Metro grocery,163.71,Groceries
2025-06-25,Walmart groceries,94.08,Groceries
2025-05-30,Costco food,22.54,Groceries
2025-07-17,Costco food,36.97,Groceries
2025-06-28,Metro grocery,91.5,Groceries
2025-06-27,IGA supermarket,66.09,Groceries
2025-05-31,Walmart groceries,127.67,Groceries
2025-06-25,IGA supermarket,73.71,Groceries
2025-07-08,Costco food,100.73,Groceries
2025-06-23,Farmers market,174.15,Groceries
2025-05-24,Farmers market,114.23,Groceries
2025-05-26,Walmart groceries,116.02,Groceries
2025-05-13,Farmers market,101.38,Groceries
2025-05-19,Metro grocery,184.95,Groceries
2025-06-21,IGA supermarket,179.41,Groceries
2025-05-16,Metro grocery,112.94,Groceries
2025-05-05,Farmers market,126.54,Groceries
2025-06-06,Travel insurance fee,61.78,Insurance
2025-05-28,Life insurance bill,389.4,Insurance
2025-06-05,Life insurance bill,283.76,Insurance
2025-07-26,Home insurance payment,191.05,Insurance
2025-05-01,Travel insurance fee,131.56,Insurance
2025-05-18,Travel insurance fee,232.14,Insurance
2025-05-10,Health insurance coverage,161.46,Insurance
2025-07-24,Travel insurance fee,336.39,Insurance
2025-06-09,Travel insurance fee,342.3,Insurance
2025-05-12,Life insurance bill,317.04,Insurance
2025-06-25,Travel insurance fee,264.51,Insurance
2025-05-17,Home insurance payment,378.47,Insurance
2025-06-25,Home insurance payment,462.76,Insurance
2025-06-28,Travel insurance fee,126.35,Insurance
2025-07-09,Home insurance payment,373.31,Insurance
2025-07-07,Home insurance payment,470.43,Insurance
2025-05-05,Life insurance bill,167.92,Insurance
2025-07-17,Health insurance coverage,363.94,Insurance
2025-05-04,Car insurance premium,360.31,Insurance
2025-07-09,Car insurance premium,101.82,Insurance
2025-05-23,Car insurance premium,73.29,Insurance
2025-05-14,Car insurance premium,474.93,Insurance
2025-07-03,Health insurance coverage,192.12,Insurance
2025-06-23,Travel insurance fee,104.17,Insurance
2025-07-16,Life insurance bill,81.09,Insurance
2025-05-24,Travel insurance fee,292.38,Insurance
2025-07-25,Car insurance premium,434.84,Insurance
2025-05-27,Car insurance premium,349.38,Insurance
2025-07-27,Health insurance coverage,136.25,Insurance
2025-06-12,Home insurance payment,411.57,Insurance
2025-07-04,Home insurance payment,89.71,Insurance
2025-07-20,Travel insurance fee,306.48,Insurance
2025-07-07,Health insurance coverage,321.31,Insurance
2025-07-01,Car insurance premium,292.85,Insurance
2025-06-28,Life insurance bill,161.48,Insurance
2025-06-12,Car insurance premium,52.42,Insurance
2025-06-08,Health insurance coverage,442.22,Insurance
2025-07-02,Travel insurance fee,193.04,Insurance
2025-06-28,Life insurance bill,447.76,Insurance
2025-07-19,Car insurance premium,243.15,Insurance
2025-06-01,Life insurance bill,152.76,Insurance
2025-06-29,Car insurance premium,209.79,Insurance
2025-06-02,Health insurance coverage,113.52,Insurance
2025-07-22,Health insurance coverage,139.08,Insurance
2025-05-13,Life insurance bill,263.15,Insurance
2025-05-10,Life insurance bill,340.5,Insurance
2025-07-18,Home insurance payment,105.46,Insurance
2025-07-12,Home insurance payment,139.68,Insurance
2025-06-05,Home insurance payment,134.43,Insurance
2025-07-18,Health insurance coverage,296.83,Insurance
2025-07-08,Home insurance payment,149.99,Insurance
2025-07-24,Car insurance premium,146.68,Insurance
2025-06-26,Life insurance bill,321.78,Insurance
2025-07-21,Health insurance coverage,471.26,Insurance
2025-06-09,Travel insurance fee,161.59,Insurance
2025-05-14,Home insurance payment,383.7,Insurance
2025-07-16,Travel insurance fee,97.45,Insurance
2025-05-17,Home insurance payment,201.94,Insurance
2025-06-14,Life insurance bill,323.4,Insurance
2025-06-04,Home insurance payment,484.19,Insurance
2025-07-21,Car insurance premium,343.7,Insurance
2025-07-31,Life insurance bill,93.14,Insurance
2025-05-27,Health insurance coverage,202.17,Insurance
2025-07-12,Car insurance premium,139.74,Insurance
2025-06-06,Home insurance payment,492.5,Insurance
2025-06-24,Car insurance premium,155.75,Insurance
2025-05-04,Life insurance bill,447.69,Insurance
2025-06-13,Travel insurance fee,213.3,Insurance
2025-06-02,Life insurance bill,377.96,Insurance
2025-05-08,Life insurance bill,418.37,Insurance
2025-07-07,Home insurance payment,115.82,Insurance
2025-07-10,Home insurance payment,343.7,Insurance
2025-07-13,Life insurance bill,486.07,Insurance
2025-05-30,Car insurance premium,236.27,Insurance
2025-07-20,Life insurance bill,410.73,Insurance
2025-07-19,Health insurance coverage,293.17,Insurance
2025-07-11,Travel insurance fee,295.14,Insurance
2025-07-19,Car insurance premium,451.55,Insurance
2025-07-23,Car insurance premium,129.19,Insurance
2025-07-23,Travel insurance fee,427.88,Insurance
2025-05-20,Car insurance premium,60.73,Insurance
2025-07-04,Car insurance premium,382.06,Insurance
2025-07-27,Health insurance coverage,359.42,Insurance
2025-06-14,Car insurance premium,155.09,Insurance
2025-07-28,Health insurance coverage,140.1,Insurance
2025-07-27,Car insurance premium,78.35,Insurance
2025-07-30,Travel insurance fee,220.91,Insurance
2025-07-23,Home insurance payment,335.35,Insurance
2025-06-08,Home insurance payment,148.68,Insurance
2025-07-27,Car insurance premium,215.91,Insurance
2025-07-07,Home insurance payment,324.87,Insurance
2025-06-09,Travel insurance fee,403.55,Insurance
2025-06-25,Car insurance premium,454.65,Insurance
2025-07-10,Life insurance bill,487.91,Insurance
2025-06-30,Car insurance premium,339.56,Insurance
2025-06-03,Home insurance payment,314.63,Insurance
2025-05-12,Travel insurance fee,319.71,Insurance
2025-07-14,Health insurance coverage,338.8,Insurance
2025-05-31,Travel insurance fee,246.01,Insurance
2025-06-21,Health insurance coverage,403.02,Insurance
2025-05-17,HBO Max,22.54,Subscriptions
2025-06-12,HBO Max,17.89,Subscriptions
2025-06-07,Apple Music,9.14,Subscriptions
2025-07-11,Amazon Prime membership,18.95,Subscriptions
2025-05-09,HBO Max,29.05,Subscriptions
2025-07-15,Netflix subscription,7.76,Subscriptions
2025-06-23,Amazon Prime membership,23.34,Subscriptions
2025-05-05,YouTube Premium,27.71,Subscriptions
2025-06-04,Apple Music,14.43,Subscriptions
2025-05-13,Amazon Prime membership,23.26,Subscriptions
2025-06-20,YouTube Premium,5.81,Subscriptions
2025-06-11,Amazon Prime membership,6.49,Subscriptions
2025-07-19,Amazon Prime membership,21.66,Subscriptions
2025-06-10,Amazon Prime membership,22.85,Subscriptions
2025-05-01,HBO Max,12.63,Subscriptions
2025-05-29,Amazon Prime membership,21.02,Subscriptions
2025-07-15,YouTube Premium,20.15,Subscriptions
2025-05-20,Netflix subscription,5.35,Subscriptions
2025-06-30,Netflix subscription,27.63,Subscriptions
2025-05-16,HBO Max,16.2,Subscriptions
2025-07-25,HBO Max,27.47,Subscriptions
2025-05-21,Netflix subscription,17.89,Subscriptions
2025-06-09,Apple Music,20.63,Subscriptions
2025-05-06,HBO Max,17.84,Subscriptions
2025-07-09,Amazon Prime membership,18.24,Subscriptions
2025-06-23,HBO Max,20.66,Subscriptions
2025-05-04,Amazon Prime membership,16.6,Subscriptions
2025-06-29,Netflix subscription,29.66,Subscriptions
2025-05-30,Amazon Prime membership,8.37,Subscriptions
2025-07-07,Amazon Prime membership,5.08,Subscriptions
2025-05-15,YouTube Premium,10.22,Subscriptions
2025-06-10,YouTube Premium,11.97,Subscriptions
2025-07-06,Netflix subscription,21.77,Subscriptions
2025-06-16,YouTube Premium,28.53,Subscriptions
2025-06-13,HBO Max,26.81,Subscriptions
2025-05-18,YouTube Premium,24.47,Subscriptions
2025-05-27,Apple Music,14.66,Subscriptions
2025-06-19,Amazon Prime membership,26.34,Subscriptions
2025-05-08,Apple Music,21.92,Subscriptions
2025-07-04,HBO Max,11.46,Subscriptions
2025-05-04,Apple Music,26.02,Subscriptions
2025-05-23,YouTube Premium,29.53,Subscriptions
2025-06-08,HBO Max,19.33,Subscriptions
2025-07-21,Amazon Prime membership,11.57,Subscriptions
2025-06-24,Amazon Prime membership,22.57,Subscriptions
2025-07-10,Amazon Prime membership,13.39,Subscriptions
2025-06-13,YouTube Premium,9.29,Subscriptions
2025-06-24,Amazon Prime membership,23.38,Subscriptions
2025-06-26,Netflix subscription,22.67,Subscriptions
2025-05-20,Apple Music,28.82,Subscriptions
2025-07-10,YouTube Premium,7.08,Subscriptions
2025-06-24,Apple Music,12.93,Subscriptions
2025-05-06,Apple Music,12.24,Subscriptions
2025-06-16,Netflix subscription,13.22,Subscriptions
2025-07-06,Apple Music,26.98,Subscriptions
2025-07-31,HBO Max,8.72,Subscriptions
2025-06-29,Amazon Prime membership,10.82,Subscriptions
2025-07-16,Netflix subscription,28.46,Subscriptions
2025-06-30,Netflix subscription,18.79,Subscriptions
2025-07-16,YouTube Premium,20.34,Subscriptions
2025-07-16,HBO Max,12.66,Subscriptions
2025-05-06,Netflix subscription,28.9,Subscriptions
2025-07-27,HBO Max,18.19,Subscriptions
2025-06-20,Netflix subscription,12.09,Subscriptions
2025-06-04,Apple Music,11.27,Subscriptions
2025-06-26,HBO Max,15.48,Subscriptions
2025-06-04,HBO Max,13.43,Subscriptions
2025-07-07,YouTube Premium,23.52,Subscriptions
2025-07-20,HBO Max,30.0,Subscriptions
2025-05-15,YouTube Premium,26.58,Subscriptions
2025-07-19,YouTube Premium,6.25,Subscriptions
2025-07-20,Amazon Prime membership,12.86,Subscriptions
2025-07-02,HBO Max,23.43,Subscriptions
2025-06-05,Amazon Prime membership,28.23,Subscriptions
2025-07-15,Netflix subscription,15.62,Subscriptions
2025-05-25,HBO Max,15.06,Subscriptions
2025-06-21,HBO Max,23.4,Subscriptions
2025-05-24,Amazon Prime membership,21.04,Subscriptions
2025-05-04,HBO Max,11.59,Subscriptions
2025-05-15,YouTube Premium,26.63,Subscriptions
2025-06-25,Netflix subscription,10.62,Subscriptions
2025-05-23,Apple Music,8.48,Subscriptions
2025-05-31,Netflix subscription,24.51,Subscriptions
2025-05-13,Netflix subscription,10.67,Subscriptions
2025-06-08,YouTube Premium,9.82,Subscriptions
2025-07-15,HBO Max,17.1,Subscriptions
2025-06-18,YouTube Premium,18.78,Subscriptions
2025-07-31,Netflix subscription,27.37,Subscriptions
2025-05-06,Amazon Prime membership,6.3,Subscriptions
2025-05-06,YouTube Premium,26.69,Subscriptions
2025-07-24,YouTube Premium,24.11,Subscriptions
2025-06-29,Netflix subscription,29.28,Subscriptions
2025-05-19,Amazon Prime membership,8.41,Subscriptions
2025-05-16,YouTube Premium,20.9,Subscriptions
2025-06-29,Amazon Prime membership,24.19,Subscriptions
2025-05-07,Netflix subscription,26.18,Subscriptions
2025-05-25,YouTube Premium,14.43,Subscriptions
2025-07-06,Netflix subscription,21.33,Subscriptions
2025-06-06,Netflix subscription,8.75,Subscriptions
2025-05-14,Netflix subscription,13.91,Subscriptions
